arm,average_precision,seed_sd,auc,lift
age only,0.101871,0.002672,0.836175,3.5595
evidence only,0.179097,0.023837,0.750670,6.2578
age + evidence,0.253255,0.016157,0.876690,8.8490

group_added_to_age,average_precision,delta
clp,0.100504,-0.001367
efsa,0.182654,+0.080783
sales,0.107866,+0.005995
graph,0.136230,+0.034359
literature,0.102792,+0.000921
clh,0.101871,+0.000000

train_through,train_events,test_events,age_ap,both_ap,age_hits_at_50,both_hits_at_50
2014,5,97,0.083003,0.040702,7,1
2015,6,96,0.084359,0.045237,6,1
2016,9,93,0.081982,0.081045,5,8
2017,16,86,0.080017,0.088477,1,10
2018,27,75,0.084035,0.097489,5,8
2019,45,57,0.067199,0.198857,4,15
2020,62,40,0.056941,0.116811,1,7
2021,84,18,0.049903,0.084067,2,6
2022,86,16,0.059481,0.150145,2,8
